severity,issue,version,run,tokens
error,issue_2209,final,0,56
error,issue_2209,final,1,56
error,issue_2209,final,2,56
error,issue_2209,final,3,56
error,issue_2209,final,4,56
error,issue_2246,final,0,26
error,issue_2246,final,1,26
error,issue_2246,final,2,26
error,issue_2246,final,3,26
error,issue_2246,final,4,26
error,issue_2473,final,0,31
error,issue_2473,final,1,31
error,issue_2473,final,2,31
error,issue_2473,final,3,31
error,issue_2473,final,4,31
error,issue_2473,v1,0,33
error,issue_2473,v1,1,33
error,issue_2473,v1,2,33
error,issue_2473,v1,3,33
error,issue_2473,v1,4,33
extra,issue_2_inlined,final,0,107
extra,issue_2_inlined,final,1,107
extra,issue_2_inlined,final,2,107
extra,issue_2_inlined,final,3,107
extra,issue_2_inlined,final,4,107
panic,issue_2490_inlined,final,0,42
panic,issue_2490_inlined,final,1,42
panic,issue_2490_inlined,final,2,42
panic,issue_2490_inlined,final,3,42
panic,issue_2490_inlined,final,4,42
panic,issue_2490_inlined,v1,0,130
panic,issue_2490_inlined,v1,1,130
panic,issue_2490_inlined,v1,2,130
panic,issue_2490_inlined,v1,3,130
panic,issue_2490_inlined,v1,4,130
panic,issue_2490_inlined,v2,0,49
panic,issue_2490_inlined,v2,1,49
panic,issue_2490_inlined,v2,2,49
panic,issue_2490_inlined,v2,3,49
panic,issue_2490_inlined,v2,4,49
panic,issue_2584,final,0,25
panic,issue_2584,final,1,25
panic,issue_2584,final,2,25
panic,issue_2584,final,3,25
panic,issue_2584,final,4,25
panic,issue_2584,v1,0,26
panic,issue_2584,v1,1,26
panic,issue_2584,v1,2,26
panic,issue_2584,v1,3,26
panic,issue_2584,v1,4,26
panic,issue_2584,v2,0,31
panic,issue_2584,v2,1,31
panic,issue_2584,v2,2,31
panic,issue_2584,v2,3,31
panic,issue_2584,v2,4,31
semantic,issue_2218,final,0,32
semantic,issue_2218,final,1,32
semantic,issue_2218,final,2,32
semantic,issue_2218,final,3,32
semantic,issue_2218,final,4,32
semantic,issue_2218,v1,0,42
semantic,issue_2218,v1,1,42
semantic,issue_2218,v1,2,42
semantic,issue_2218,v1,3,42
semantic,issue_2218,v1,4,42
semantic,issue_2218,v2,0,32
semantic,issue_2218,v2,1,32
semantic,issue_2218,v2,2,32
semantic,issue_2218,v2,3,32
semantic,issue_2218,v2,4,32
